"Domain","Category","Subcategory","Description"
"healthcare","clinical_support","diagnostic_imaging","incorporate_advanced_AI_tools_in_radiology_to_improve_accuracy_and_speed_of_image_diagnosis."
"healthcare","clinical_support","surgical_innovation","integrate_robotic_surgery_systems_to_increase precision and reduce recovery times for patients."
"healthcare","patient_engagement","health_education","develop_interactive_online_programs_to_educate_patients_about_chronic_disease_management."
"healthcare","research","clinical_trials","utilize_blockchain_technology_to_securely_manage_patient_consent_and_data_sharing_in_clinical_trials."
"healthcare","mental_health_services","remote_counseling","expand_access_to_mental_health_services_through_virtual_reality_therapy_sessions."
"healthcare","genomics","personalized_medicine","implement_genetic_sequencing_services_to_offer_personalized_treatment_plans_based_on_individual_genetic_profiles."
"healthcare","elder_care","monitoring_systems","deploy_IoT_devices_for_real-time_health_monitoring_of_elderly_patients_in_assisted_living_facilities."
"healthcare","patient_safety","infection_control","apply_big_data_analytics_to_predict_and_prevent_hospital-acquired_infections."
"healthcare","nutritional_support","dietary_programs","create_customized_dietary_and_nutrition_planning_apps_to_support_patient-specific_health_needs."
"healthcare","rehabilitation_services","therapy_technologies","use_augmented_reality_tools_to_assist_in_physical_rehabilitation_exercises."
"healthcare","clinical_support","telemedicine","Deploy virtual reality consultations for remote chronic pain management."
"healthcare","administrative_service","patient_scheduling","Implement AI-driven predictive scheduling software to optimize clinic workflows and reduce patient wait times."
"healthcare","patient_engagement","remote_monitoring","Use IoT-enabled wearable devices to monitor patient vitals and activity in real-time for heart failure management."
"healthcare","cybersecurity","data_protection","Develop blockchain-based systems to enable tamper-proof storage of patient genetic data."
"healthcare","research","gene_therapy","Explore CRISPR technology applications to develop targeted treatments for rare genetic disorders."
"healthcare","clinical_support","emergency_care","Introduce AI-powered diagnostics tools in emergency rooms to rapidly identify life-threatening conditions like sepsis."
"healthcare","patient_engagement","mental_health","Create a mobile application that uses AI to provide personalized meditation and therapy sessions based on user stress levels and mental state."
"healthcare","health_information","system_integration","Establish a unified digital health record system that integrates data from all healthcare providers and wearable health tech."
"healthcare","quality_assurance","treatment_outcome_analysis","Implement machine learning algorithms to analyze treatment outcomes and predict possible future complications in diabetic patients."
"healthcare","community_service","health_fairs","Organize virtual health fairs using augmented reality to provide health education and screening in underserved areas."
"healthcare","mental_health","real-time_monitoring","Deploy wearable devices that track and analyze stress levels to provide instant feedback and coping strategies."
"healthcare","genetic_testing","personalized_screening","Offer at-home genetic testing kits to predict susceptibility to certain diseases and provide personalized preventive strategies."
"healthcare","telemedicine","expert_connectivity","Enable real-time language translation services during telemedicine consultations to overcome language barriers between patients and healthcare providers."
"healthcare","nutrition","food_allergy_management","Develop an app that scans food labels to alert individuals with food allergies to the presence of allergens."
"healthcare","emergency_services","dynamic_routing","Implement AI systems in ambulances that predict traffic conditions and calculate the fastest route to hospitals."
"healthcare","patient_education","VR_integration","Create a virtual reality (VR) platform for medical students to experience and study complex surgical procedures interactively."
"healthcare","medical_equipment","biodegradable_materials","Research and develop biodegradable materials for single-use medical instruments to reduce hospital waste."
"healthcare","palliative_care","patient_comfort","Design ambient intelligence systems in patient rooms to adjust environmental factors like lighting and sound for maximum comfort."
"healthcare","prevention_disease","vaccine_tracking","Introduce a digital immunization passport that updates in real-time with vaccine records and alerts for upcoming vaccinations."
"healthcare","public_health","environmental_health","Develop a network of sensors in urban areas to monitor pollution levels and its impact on respiratory diseases, providing data for public health initiatives."
"healthcare","clinical_support","diagnostic_imaging","incorporate_advanced_AI_tools_in_radiology_to_improve_accuracy_and_speed_of_image_diagnosis."
"healthcare","clinical_support","surgical_innovation","integrate_robotic_surgery_systems_to_increase precision and reduce recovery times for patients."
"healthcare","patient_engagement","health_education","develop_interactive_online_programs_to_educate_patients_about_chronic_disease_management."
"healthcare","research","clinical_trials","utilize_blockchain_technology_to_securely_manage_patient_consent_and_data_sharing_in_clinical_trials."
"healthcare","mental_health_services","remote_counseling","expand_access_to_mental_health_services_through_virtual_reality_therapy_sessions."
"healthcare","genomics","personalized_medicine","implement_genetic_sequencing_services_to_offer_personalized_treatment_plans_based_on_individual_genetic_profiles."
"healthcare","elder_care","monitoring_systems","deploy_IoT_devices_for_real-time_health_monitoring_of_elderly_patients_in_assisted_living_facilities."
"healthcare","patient_safety","infection_control","apply_big_data_analytics_to_predict_and_prevent_hospital-acquired_infections."
"healthcare","nutritional_support","dietary_programs","create_customized_dietary_and_nutrition_planning_apps_to_support_patient-specific_health_needs."
"healthcare","rehabilitation_services","therapy_technologies","use_augmented_reality_tools_to_assist_in_physical_rehabilitation_exercises."
"healthcare","clinical_support","telemedicine","Deploy virtual reality consultations for remote chronic pain management."
"healthcare","administrative_service","patient_scheduling","Implement AI-driven predictive scheduling software to optimize clinic workflows and reduce patient wait times."
"healthcare","patient_engagement","remote_monitoring","Use IoT-enabled wearable devices to monitor patient vitals and activity in real-time for heart failure management."
"healthcare","cybersecurity","data_protection","Develop blockchain-based systems to enable tamper-proof storage of patient genetic data."
"healthcare","research","gene_therapy","Explore CRISPR technology applications to develop targeted treatments for rare genetic disorders."
"healthcare","clinical_support","emergency_care","Introduce AI-powered diagnostics tools in emergency rooms to rapidly identify life-threatening conditions like sepsis."
"healthcare","patient_engagement","mental_health","Create a mobile application that uses AI to provide personalized meditation and therapy sessions based on user stress levels and mental state."
"healthcare","health_information","system_integration","Establish a unified digital health record system that integrates data from all healthcare providers and wearable health tech."
"healthcare","quality_assurance","treatment_outcome_analysis","Implement machine learning algorithms to analyze treatment outcomes and predict possible future complications in diabetic patients."
"healthcare","community_service","health_fairs","Organize virtual health fairs using augmented reality to provide health education and screening in underserved areas."
"healthcare","mental_health","real-time_monitoring","Deploy wearable devices that track and analyze stress levels to provide instant feedback and coping strategies."
"healthcare","genetic_testing","personalized_screening","Offer at-home genetic testing kits to predict susceptibility to certain diseases and provide personalized preventive strategies."
"healthcare","telemedicine","expert_connectivity","Enable real-time language translation services during telemedicine consultations to overcome language barriers between patients and healthcare providers."
"healthcare","nutrition","food_allergy_management","Develop an app that scans food labels to alert individuals with food allergies to the presence of allergens."
"healthcare","emergency_services","dynamic_routing","Implement AI systems in ambulances that predict traffic conditions and calculate the fastest route to hospitals."
"healthcare","patient_education","VR_integration","Create a virtual reality (VR) platform for medical students to experience and study complex surgical procedures interactively."
"healthcare","medical_equipment","biodegradable_materials","Research and develop biodegradable materials for single-use medical instruments to reduce hospital waste."
"healthcare","palliative_care","patient_comfort","Design ambient intelligence systems in patient rooms to adjust environmental factors like lighting and sound for maximum comfort."
"healthcare","prevention_disease","vaccine_tracking","Introduce a digital immunization passport that updates in real-time with vaccine records and alerts for upcoming vaccinations."
"healthcare","public_health","environmental_health","Develop a network of sensors in urban areas to monitor pollution levels and its impact on respiratory diseases, providing data for public health initiatives."
"healthcare","population_health","monitoring","Deploy mobile health units in rural areas to enhance access to primary care services"
"healthcare","mental_health","teletherapy","Offer virtual reality therapy sessions for treating PTSD in veterans"
"healthcare","administrative","billing","Implement automated billing systems that use machine learning to minimize errors and fraud"
"healthcare","pharmacy_services","medication_management","Use smart pill dispensers linked to smartphones to ensure adherence to medication schedules for elderly patients"
"healthcare","public_health","epidemiology","Develop real-time disease surveillance apps to track and predict outbreaks of infectious diseases"
"healthcare","clinical_support","patient_monitoring","Introduce wearable sensors that alert healthcare providers to changes in a patient's chronic conditions"
"healthcare","patient_engagement","remote_monitoring","Set up a remote patient monitoring hub to manage patients with heart diseases using IoT devices"
"healthcare","medical_education","simulation","Create a virtual simulation platform for medical students to practice surgical procedures"
"healthcare","research","genomics","Establish a cloud-based platform for sharing genetic data to advance personalized medicine research"
"healthcare","rehabilitation","robotic_assistance","Provide robotic exoskeletons to aid in the rehabilitation of stroke survivors"
"healthcare","patient care","chronic disease management","Using IoT devices to monitor and manage chronic conditions like diabetes in real-time."
"healthcare","medical research","drug discovery","Applying artificial intelligence to predict new potential drug compounds."
"healthcare","health administration","fraud detection","Utilizing blockchain technology to track and secure medical supply chains and reduce fraud."
"healthcare","mental health","teletherapy","Implementing virtual reality environments for exposure therapy in psychological treatments."
"healthcare","surgery","robotic assistance","Enhancing surgical precision through the use of AI-driven robotic surgeons in complex procedures."
"healthcare","public health","disease surveillance","Deploying mobile apps to track disease spread and notify individuals of potential exposure."
"healthcare","health education","interactive learning","Developing augmented reality apps for anatomy education in medical schools."
"healthcare","patient safety","medication management","Using smart pill dispensers to ensure proper dosage and adherence to medication schedules."
"healthcare","preventive care","personalized nutrition","Creating personalized diet plans based on genetic testing to prevent lifestyle diseases."
"healthcare","radiology","image analysis","Employing deep learning to enhance the accuracy and speed of MRI image analysis."
"banking","fraud detection","AI monitoring","Using artificial intelligence to monitor and alert banks of potential fraudulent activities in real-time."
"banking","customer service","chatbots","Deploying advanced chatbots equipped with natural language processing to handle customer inquiries and issues autonomously."
"banking","loan processing","automation","Automating the entire loan approval process using machine learning algorithms to assess risk and eligibility faster and more accurately."
"banking","wealth management","personalized investing","Incorporating AI to analyze vast amounts of data to offer personalized investment advice and portfolio management."
"banking","risk management","climate risk","Integrating climate risk assessment tools to help banks evaluate the long-term sustainability risks involved in their lending practices."
"banking","fraud detection","machine learning","Deploying advanced machine learning models to analyze transaction patterns and flag unusual activities as potential fraud."
"banking","customer service","chatbots","Utilizing AI-powered chatbots to provide real-time customer service and support, enhancing customer experience and reducing wait times."
"banking","sustainability","green financing","Offering special rates for loans related to green projects, like solar installations or energy-efficient building renovations to promote environmental sustainability."
"banking","wealth management","cryptocurrency","Integrating cryptocurrency investment options into traditional wealth management services to cater to the growing demand for digital asset investments."
"banking","risk management","stress testing","Implementing robust stress testing procedures to assess the impact of various financial scenarios on the bank's capital adequacy, ensuring financial stability in adverse conditions."
"banking","fraud detection","real-time analysis","Utilizing AI and machine learning to analyze transaction patterns in real-time to detect and prevent fraudulent activities."
"banking","customer service","chatbots","Implementing advanced AI-driven chatbots to provide 24/7 customer service, handling inquiries and solving problems without human intervention."
"banking","financial inclusion","microloans","Developing platforms to offer microloans to underserved populations based on alternative credit scoring models that include utility payments and mobile phone usage."
"banking","investment strategies","robo-advisors","Employing robo-advisors to provide personalized investment advice and automated portfolio management based on individual risk profiles and financial goals."
"banking","regulatory compliance","automation","Using blockchain technology to automate compliance processes, ensure data integrity, and reduce the cost and complexity of regulatory reporting."
"Banking","Fraud Prevention","Behavioral Biometrics","Using behavioral biometrics to analyze the way a user interacts with their banking app, providing a seamless layer of security against fraud."
"Banking","Financial Inclusion","Microfinancing","Offering small, short-term loans to entrepreneurs in developing countries through mobile banking platforms to promote financial inclusion."
"Banking","Wealth Management","Digital Advisors","Integrating AI-powered robo-advisors into digital banking platforms to provide personalized investment advice to customers."
"Banking","Customer Service","Voice Assistants","Deploying AI-driven voice assistants in mobile banking apps to provide 24/7 customer support and handle transaction inquiries."
"Banking","Sustainable Finance","Green Bonds","Creating a specialized platform for the issuance and trading of green bonds, aimed at financing environmentally friendly projects."
"Banking","Financial Inclusion","Digital Wallets","Provide microloans through digital wallets to underserved populations in rural areas."
"Banking","Cybersecurity","Biometric Authentication","Implement biometric authentication systems to enhance security for online banking transactions."
"Banking","Customer Service","AI Chatbots","Deploy advanced AI-powered chatbots to handle customer inquiries and improve response times 24/7."
"Banking","Sustainability","Green Bonds","Launch a green bond program to fund environmental projects, supporting sustainable development initiatives."
"Banking","Data Analytics","Predictive Modeling","Use predictive modeling to anticipate customer needs and offer personalized financial products."
"Retail","Health and Wellness","Digital Subscription","Offering personalized wellness plans through a subscription model, where users receive monthly updates and products tailored to their health needs."
"Retail","Pet Care","Smart Accessories","Integration of IoT devices in pet products, such as smart collars that monitor pet's location, activity, and health stats."
"Retail","Home Improvement","DIY Kits","Providing DIY home improvement kits with AR instructions for easy assembly and installation, enhancing customer engagement and satisfaction."
"Retail","Fashion","Sustainable Packaging","Implementing biodegradable or reusable packaging options for all fashion items to promote environmental sustainability among consumers."
"Retail","Gourmet Foods","Virtual Tasting Sessions","Hosting live, virtual gourmet tasting sessions led by chefs to introduce new products and provide cooking tips, paired with direct-to-door delivery of tasting kits."
