"Key","Type_Name","Type_ID","Description","Email_Contact"
"ID-1","supellex",4692,"Xiphias usus ciminatio creber desolo beatus depraedor delibero.","Andreanne32@gmail.com"
"ID-2","creta",3989,"Cattus autem alii crapula vesica adduco tredecim.","Dahlia3@yahoo.com"
"ID-3","caterva",3193,"Desolo statua trado totam vinitor complectus thalassinus.","Joseph7@yahoo.com"
"ID-4","corrumpo",5091,"Aiunt absorbeo distinctio delego suffoco.","Fausto89@yahoo.com"
"ID-5","virgo",7970,"Adstringo cubicularis repellendus vulgaris thema tres comminor.","Aurelie15@hotmail.com"
"ID-6","aegrotatio",4626,"Conicio tabgo ars ascit ater vociferor tabernus cinis timidus.","Stacey_Trantow@hotmail.com"
"ID-7","statua",1489,"Accendo aggero cohaero corrigo acies conduco vapulus sopor tondeo audeo.","Doyle26@yahoo.com"
"ID-8","argentum",2102,"Demulceo coruscus veritatis adicio vitium ventosus.","Emery26@yahoo.com"
"ID-9","admoveo",1792,"Derideo nisi sapiente fugit timidus carcer.","Miller31@gmail.com"
"ID-10","depromo",3818,"Delectus armarium timor coma ullam socius acies dolore casso.","Marina_Lubowitz@hotmail.com"