"Key","Jurisdiction_Name","Jurisdiction_ID","Jurisdiction_Email","Notes"
"ID-1","tum",5324,"Cheyenne88@hotmail.com","Ventus valeo curatio ipsum curo."
"ID-2","ceno",7499,"Elissa.Hamill@yahoo.com","Videlicet sub tondeo thalassinus tantum."
"ID-3","iure",7696,"Ericka.Bernhard-Leuschke44@yahoo.com","Delectus acerbitas aeternus vorax agnitio condico subiungo bellicus appositus."
"ID-4","nobis",1318,"Marcelina_Dietrich@yahoo.com","Utique aestus ocer."
"ID-5","corpus",4248,"Miracle_Zieme@yahoo.com","Patruus quod possimus amiculum."
"ID-6","decerno",6257,"Olin78@yahoo.com","Tibi tertius sunt aequitas ea capto adsidue desparatus aegre alo."
"ID-7","tempus",3922,"Kenya.Steuber21@gmail.com","Cetera enim baiulus agnitio quia adhaero."
"ID-8","vestigium",4008,"Winston_Cummerata50@yahoo.com","Coniuratio curto amplitudo placeat cibo damno volutabrum."
"ID-9","acquiro",8884,"Laurie.Johnson@hotmail.com","Tum cerno spectaculum terminatio amissio creo usus celo aggero."
"ID-10","suscipit",5493,"Elwyn_Toy89@gmail.com","Aro decerno exercitationem corporis coniuratio cursim alo nostrum eius."