"Key","Supervisor_Name","Supervisor_ID","Supervisor_Email","Department"
"ID-1","curo",9412,"Lambert_Trantow@hotmail.com","velum"
"ID-2","laudantium",7722,"Lori72@gmail.com","veritatis"
"ID-3","tot",5100,"Kraig_Maggio10@hotmail.com","despecto"
"ID-4","accusamus",2266,"Jacynthe12@gmail.com","adinventitias"
"ID-5","sapiente",9238,"Hugh53@yahoo.com","optio"
"ID-6","blanditiis",1048,"Maxine.Brown2@yahoo.com","tunc"
"ID-7","numquam",8425,"Ansel_Hessel19@hotmail.com","spiculum"
"ID-8","adopto",6724,"Devyn.Christiansen@gmail.com","calamitas"
"ID-9","ventus",8804,"Hilton59@gmail.com","absorbeo"
"ID-10","minima",2687,"Don_Boyle@hotmail.com","vigor"