Approvers,Approvers User,Departments
"Text_lu8vog","user_nr9jv","Text_as5ax7"
"Text_24apbj","user_eki9a, user_xmz884, user_i9rb9","Text_iztz2n"
"Text_tlii9n","user_rwvqb, user_fua0bs","Text_7uz4r7"
"Text_5z59p","user_xzebgr","Text_qfz7ga"
"Text_mgt86c","user_xxbmfg, user_8hvwkv, user_ec896","Text_0ibdf6"
"Text_nuymza","user_pwlkcl, user_da4spr, user_d1nym6","Text_8q4wj6"
"Text_t6l7rk","user_s9sc6f, user_zr8ju, user_ffkuaf","Text_0cog4b"
"Text_9buga","user_5zydk9, user_9shi04, user_mik1pi","Text_xngck"
"Text_3czbbof","user_vs382k, user_93g7x","Text_ahmmd8s"
"Text_x6lxwa","user_hdto1a, user_mnpb8k","Text_xy3z7h"